{
  "Tours": {
    "1": {
      "Id": 1,
      "Name": "star\u00F3wka"
    }
  },
  "Checkpoints": {
    "1": {
      "Id": 1,
      "TourId": 1,
      "Name": "Fajne muzeum",
      "Order": 0,
      "Latitude": 54.35372580339422,
      "Longitude": 18.650493621826175
    },
    "2": {
      "Id": 2,
      "TourId": 1,
      "Name": "Nudne muzeum",
      "Order": 1,
      "Latitude": 54.35476472767815,
      "Longitude": 18.652982711791996
    },
    "3": {
      "Id": 3,
      "TourId": 1,
      "Name": "inne miejsce, ale ciekawe",
      "Order": 2,
      "Latitude": 54.35444803994803,
      "Longitude": 18.659248352050785
    }
  },
  "TourIdCounter": 2,
  "CheckpointIdCounter": 4
}